{
  "topic_representations": {
    "-1": [
      [
        "d\u00e2n t\u1ec9nh",
        0.5514100790023804
      ],
      [
        "h\u1ed9i \u0111\u1ed3ng",
        0.5426552891731262
      ],
      [
        "qu\u1ed1c h\u1ed9i",
        0.5237922668457031
      ],
      [
        "h\u1ed9i ngh\u1ecb",
        0.5127178430557251
      ],
      [
        "h\u1ecdp th\u1ee9",
        0.5001233816146851
      ],
      [
        "\u0111\u1ea1i bi\u1ec3u",
        0.49836552143096924
      ],
      [
        "k\u1ef3 h\u1ecdp",
        0.4858265221118927
      ],
      [
        "ch\u1ee7",
        0.4644692540168762
      ],
      [
        "v\u1ec1",
        0.4635186195373535
      ],
      [
        "gi\u00e1m",
        0.4609900116920471
      ]
    ]
  },
  "topics": [
    -1,
    -1,
    -1,
    -1,
    -1,
    -1,
    -1,
    -1,
    -1,
    -1
  ],
  "topic_sizes": {
    "-1": 10
  },
  "topic_mapper": [
    [
      -1,
      -1,
      -1
    ]
  ],
  "topic_labels": {
    "-1": "-1_d\u00e2n t\u1ec9nh_h\u1ed9i \u0111\u1ed3ng_qu\u1ed1c h\u1ed9i_h\u1ed9i ngh\u1ecb"
  },
  "custom_labels": null,
  "_outliers": 1,
  "topic_aspects": {}
}