{
  "topic_representations": {
    "0": [
      [
        "v\u0103n",
        0.03706076824679473
      ],
      [
        "2025",
        0.03389177620455972
      ],
      [
        "v\u00e0",
        0.03268269546913963
      ],
      [
        "t\u1ec9nh",
        0.03201440481314804
      ],
      [
        "y\u00ean",
        0.028883526060876193
      ],
      [
        "h\u01b0ng",
        0.02858039630691687
      ],
      [
        "h\u00f3a",
        0.028371382065361224
      ],
      [
        "h\u01b0ng y\u00ean",
        0.028337407018639727
      ],
      [
        "v\u0103n h\u00f3a",
        0.02796714318884548
      ],
      [
        "th\u1ec3",
        0.027140393582968186
      ]
    ],
    "1": [
      [
        "tin",
        0.05919223889758909
      ],
      [
        "th\u00f4ng tin",
        0.057124659151093424
      ],
      [
        "th\u00f4ng",
        0.05566546285426283
      ],
      [
        "v\u00e0",
        0.049557727267940076
      ],
      [
        "h\u00e0i",
        0.048372681650611385
      ],
      [
        "h\u00e0i l\u00f2ng",
        0.048372681650611385
      ],
      [
        "l\u00f2ng",
        0.048268868868533585
      ],
      [
        "\u0111i\u1ec7n",
        0.04485395240710525
      ],
      [
        "s\u1edf",
        0.04155176760874322
      ],
      [
        "v\u0103n h\u00f3a",
        0.03870516428676
      ]
    ]
  },
  "topics": [
    0,
    0,
    1,
    1,
    1,
    1,
    0,
    0,
    0,
    1,
    0,
    0,
    0,
    1,
    1,
    0,
    0,
    0,
    0,
    0,
    0,
    0,
    0,
    0,
    0,
    1,
    1,
    1,
    0,
    0,
    0,
    0,
    0,
    0,
    0,
    1,
    0,
    0,
    0,
    0,
    0,
    0,
    0,
    0,
    0,
    0,
    0,
    1,
    0,
    0
  ],
  "topic_sizes": {
    "0": 38,
    "1": 12
  },
  "topic_mapper": [
    [
      0,
      0,
      1
    ],
    [
      1,
      1,
      0
    ]
  ],
  "topic_labels": {
    "0": "0_v\u0103n_2025_v\u00e0_t\u1ec9nh",
    "1": "1_tin_th\u00f4ng tin_th\u00f4ng_v\u00e0"
  },
  "custom_labels": null,
  "_outliers": 0,
  "topic_aspects": {}
}