{
  "topic_representations": {
    "-1": [
      [
        "\u0111\u1ea3ng \u1ee7y",
        0.6429001092910767
      ],
      [
        "ch\u00ednh tr\u1ecb",
        0.5851982831954956
      ],
      [
        "\u1ee7y x\u00e3",
        0.5537001490592957
      ],
      [
        "\u0111\u1ea3ng",
        0.5459500551223755
      ],
      [
        "h\u1ed9i ngh\u1ecb",
        0.5279173851013184
      ],
      [
        "\u1ee7y",
        0.5250606536865234
      ],
      [
        "ch\u1ee7 t\u1ecbch",
        0.5226857662200928
      ],
      [
        "t\u1ec9nh \u1ee7y",
        0.507624626159668
      ],
      [
        "t\u1ecbch",
        0.4800657033920288
      ],
      [
        "t\u1ecbch ubnd",
        0.4691075384616852
      ]
    ]
  },
  "topics": [
    -1,
    -1,
    -1,
    -1,
    -1,
    -1,
    -1,
    -1,
    -1,
    -1,
    -1,
    -1,
    -1,
    -1,
    -1,
    -1,
    -1,
    -1,
    -1,
    -1
  ],
  "topic_sizes": {
    "-1": 20
  },
  "topic_mapper": [
    [
      -1,
      -1,
      -1
    ]
  ],
  "topic_labels": {
    "-1": "-1_\u0111\u1ea3ng \u1ee7y_ch\u00ednh tr\u1ecb_\u1ee7y x\u00e3_\u0111\u1ea3ng"
  },
  "custom_labels": null,
  "_outliers": 1,
  "topic_aspects": {}
}