{
  "topic_representations": {
    "0": [
      [
        "t\u1ec9nh \u1ee7y",
        0.6197856068611145
      ],
      [
        "h\u1ed9i ngh\u1ecb",
        0.611548900604248
      ],
      [
        "h\u1ed9i \u0111\u1ed3ng",
        0.5971126556396484
      ],
      [
        "\u1ee7y",
        0.5890920162200928
      ],
      [
        "h\u1ecdp th\u1ee9",
        0.586907684803009
      ],
      [
        "k\u1ef3 h\u1ecdp",
        0.5855339765548706
      ],
      [
        "qu\u1ed1c h\u1ed9i",
        0.5788403749465942
      ],
      [
        "h\u1ed9i t\u1ec9nh",
        0.5767840147018433
      ],
      [
        "\u0111\u1ea1i bi\u1ec3u",
        0.5710834264755249
      ],
      [
        "\u0111\u1ea3ng",
        0.5500527620315552
      ]
    ],
    "1": [
      [
        "ng\u00e2n s\u00e1ch",
        0.6093956232070923
      ],
      [
        "k\u1ebf ho\u1ea1ch",
        0.5219470262527466
      ],
      [
        "ho\u1ea1ch",
        0.5088181495666504
      ],
      [
        "ngh\u1ecb quy\u1ebft",
        0.47239965200424194
      ],
      [
        "quy \u0111\u1ecbnh",
        0.4716612696647644
      ],
      [
        "qu\u1ea3n l\u00fd",
        0.4700618088245392
      ],
      [
        "h\u1ed9i \u0111\u1ed3ng",
        0.45086872577667236
      ],
      [
        "t\u1ebf ng\u00e2n",
        0.43805354833602905
      ],
      [
        "gi\u00e1m",
        0.4375932514667511
      ],
      [
        "gi\u00e1m s\u00e1t",
        0.435308575630188
      ]
    ]
  },
  "topics": [
    0,
    0,
    0,
    0,
    1,
    0,
    1,
    0,
    0,
    0,
    0,
    1,
    1,
    1,
    0,
    0,
    0,
    0,
    0,
    0,
    0,
    0,
    0,
    0,
    0,
    0,
    0,
    0,
    0,
    0,
    0,
    0,
    0,
    0,
    1,
    0,
    1,
    0,
    0,
    0,
    1
  ],
  "topic_sizes": {
    "0": 33,
    "1": 8
  },
  "topic_mapper": [
    [
      0,
      0,
      1
    ],
    [
      1,
      1,
      0
    ]
  ],
  "topic_labels": {
    "0": "0_t\u1ec9nh \u1ee7y_h\u1ed9i ngh\u1ecb_h\u1ed9i \u0111\u1ed3ng_\u1ee7y",
    "1": "1_ng\u00e2n s\u00e1ch_k\u1ebf ho\u1ea1ch_ho\u1ea1ch_ngh\u1ecb quy\u1ebft"
  },
  "custom_labels": null,
  "_outliers": 0,
  "topic_aspects": {}
}