{
  "topic_representations": {
    "-1": [
      [
        "qu\u1ed1c h\u1ed9i",
        0.5834565758705139
      ],
      [
        "k\u1ef3 h\u1ecdp",
        0.5825731754302979
      ],
      [
        "h\u1ecdp th\u1ee9",
        0.5790382027626038
      ],
      [
        "\u1ee7y",
        0.5739641189575195
      ],
      [
        "\u0111\u1ea1i bi\u1ec3u",
        0.5543560981750488
      ],
      [
        "h\u1ecdp",
        0.5332576036453247
      ],
      [
        "h\u1ed9i",
        0.483696311712265
      ],
      [
        "v\u1ec1",
        0.47682780027389526
      ],
      [
        "11 2025",
        0.469512939453125
      ],
      [
        "h\u0111nd t\u1ec9nh",
        0.46731501817703247
      ]
    ]
  },
  "topics": [
    -1,
    -1,
    -1,
    -1,
    -1,
    -1,
    -1,
    -1,
    -1,
    -1,
    -1,
    -1,
    -1,
    -1,
    -1,
    -1,
    -1,
    -1,
    -1,
    -1,
    -1,
    -1,
    -1,
    -1,
    -1,
    -1,
    -1,
    -1,
    -1,
    -1
  ],
  "topic_sizes": {
    "-1": 30
  },
  "topic_mapper": [
    [
      -1,
      -1,
      -1
    ]
  ],
  "topic_labels": {
    "-1": "-1_qu\u1ed1c h\u1ed9i_k\u1ef3 h\u1ecdp_h\u1ecdp th\u1ee9_\u1ee7y"
  },
  "custom_labels": null,
  "_outliers": 1,
  "topic_aspects": {}
}