{
  "topic_representations": {
    "-1": [
      [
        "machine learning",
        0.641021192073822
      ],
      [
        "big data",
        0.6119689345359802
      ],
      [
        "data analytics",
        0.5712084770202637
      ],
      [
        "analytics",
        0.5513017773628235
      ],
      [
        "analytics quan",
        0.49410998821258545
      ],
      [
        "c\u00f4ng ngh\u1ec7",
        0.46294522285461426
      ],
      [
        "learning r\u1ea5t",
        0.4410938322544098
      ],
      [
        "h\u1eefu \u00edch",
        0.4303802251815796
      ],
      [
        "data",
        0.42680859565734863
      ],
      [
        "ngh\u1ec7 machine",
        0.40844258666038513
      ]
    ]
  },
  "topics": [
    -1,
    -1,
    -1
  ],
  "topic_sizes": {
    "-1": 3
  },
  "topic_mapper": [
    [
      -1,
      -1,
      -1
    ]
  ],
  "topic_labels": {
    "-1": "-1_machine learning_big data_data analytics_analytics"
  },
  "custom_labels": null,
  "_outliers": 1,
  "topic_aspects": {}
}