{
  "topic_representations": {
    "0": [
      [
        "\u0111\u1ea3ng",
        0.5688247084617615
      ],
      [
        "\u1ee7y",
        0.5606766939163208
      ],
      [
        "t\u1ecbch",
        0.5451366901397705
      ],
      [
        "t\u1ed5ng",
        0.5411081314086914
      ],
      [
        "h\u1ecdp",
        0.5200300216674805
      ],
      [
        "ph\u01b0\u1eddng",
        0.5039613842964172
      ],
      [
        "h\u1ed9i",
        0.49513232707977295
      ],
      [
        "tr\u1ef1c",
        0.4925016760826111
      ],
      [
        "t\u1ec9nh",
        0.4887605905532837
      ],
      [
        "ch\u00ed",
        0.4804370403289795
      ]
    ],
    "1": [
      [
        "ho\u1ea1ch",
        0.5088181495666504
      ],
      [
        "gi\u00e1m",
        0.4375932514667511
      ],
      [
        "b\u00e1o",
        0.4276164770126343
      ],
      [
        "ch\u01b0\u01a1ng",
        0.4260919988155365
      ],
      [
        "c\u1ea5p",
        0.41831737756729126
      ],
      [
        "tr\u00ecnh",
        0.39952147006988525
      ],
      [
        "b\u1ea3n",
        0.3976905643939972
      ],
      [
        "trang",
        0.3952179551124573
      ],
      [
        "huy\u1ec7n",
        0.3885048031806946
      ],
      [
        "t\u1ec9nh",
        0.3856821358203888
      ]
    ]
  },
  "topics": [
    0,
    0,
    0,
    0,
    1,
    0,
    1,
    0,
    0,
    0,
    0,
    1,
    1,
    1,
    0,
    0,
    0,
    0,
    0,
    0,
    0,
    0,
    0,
    0,
    0,
    0,
    0,
    0,
    0,
    0,
    0,
    0,
    0,
    0,
    1,
    0,
    1,
    0,
    0,
    0,
    1
  ],
  "topic_sizes": {
    "0": 33,
    "1": 8
  },
  "topic_mapper": [
    [
      0,
      0,
      1
    ],
    [
      1,
      1,
      0
    ]
  ],
  "topic_labels": {
    "0": "0_\u0111\u1ea3ng_\u1ee7y_t\u1ecbch_t\u1ed5ng",
    "1": "1_ho\u1ea1ch_gi\u00e1m_b\u00e1o_ch\u01b0\u01a1ng"
  },
  "custom_labels": null,
  "_outliers": 0,
  "topic_aspects": {}
}